keyword,tag,priority,target_url,reason
concrete contractor hewitt texas,hewitt,critical,https://www.concretewaco.com/hewitt-tx-concrete-contractor,Current Semrush visibility swing driver
concrete contractor hewitt tx,hewitt,critical,https://www.concretewaco.com/hewitt-tx-concrete-contractor,Same intent without punctuation
concrete contractors hewitt tx,hewitt,high,https://www.concretewaco.com/hewitt-tx-concrete-contractor,Plural service query
concrete contractor near me,local-pack,critical,https://www.concretewaco.com/,High local intent in GSC
concrete contractors near me,local-pack,critical,https://www.concretewaco.com/,Existing tracked term and local-pack benchmark
small job concrete contractors near me,small-jobs,high,https://www.concretewaco.com/hewitt-tx-concrete-contractor,GSC click/impression query for Hewitt page
best small job concrete contractors near me,small-jobs,medium,https://www.concretewaco.com/hewitt-tx-concrete-contractor,GSC Hewitt-page query
concrete contractor waco tx,waco,critical,https://www.concretewaco.com/,High-intent GSC query
concrete contractors waco tx,waco,critical,https://www.concretewaco.com/,High-intent GSC query with clicks
waco concrete contractors,waco,critical,https://www.concretewaco.com/,Semrush organic keyword
concrete companies waco,companies,high,https://www.concretewaco.com/,Large GSC impression query
concrete companies near me,companies,high,https://www.concretewaco.com/,Large GSC impression query
concrete company near me,companies,high,https://www.concretewaco.com/,Large GSC impression query
concrete waco tx,waco,high,https://www.concretewaco.com/,Semrush organic keyword
waco cement,waco,medium,https://www.concretewaco.com/,Semrush organic keyword
concrete driveway contractors near me,driveways,high,https://www.concretewaco.com/concrete-driveways-waco-tx,GSC driveway intent
concrete driveways waco tx,driveways,high,https://www.concretewaco.com/concrete-driveways-waco-tx,Core service page target
driveway replacement waco tx,driveways,high,https://www.concretewaco.com/concrete-driveways-waco-tx,Commercial intent for driveway page
driveway replacement hewitt tx,hewitt,high,https://www.concretewaco.com/hewitt-tx-concrete-contractor,Hewitt service modifier
patio extension near me,patios,high,https://www.concretewaco.com/concrete-patios-waco-tx,GSC Hewitt-page query
concrete patio contractors near me,patios,high,https://www.concretewaco.com/concrete-patios-waco-tx,GSC patio intent
stamped concrete patio waco,stamped,high,https://www.concretewaco.com/stamped-concrete-waco-tx,Decorative patio content target
stamped concrete waco tx,stamped,high,https://www.concretewaco.com/stamped-concrete-waco-tx,Core service page target
hardscaping contractor hewitt,hewitt,medium,https://www.concretewaco.com/hewitt-tx-concrete-contractor,GSC and Semrush related Hewitt query
retaining wall installation hewitt,hewitt,medium,https://www.concretewaco.com/hewitt-tx-concrete-contractor,GSC and Semrush related Hewitt query
concrete contractor woodway texas,woodway,critical,https://www.concretewaco.com/woodway-tx-concrete-contractor,Existing tracked term and current strength
concrete contractor woodway tx,woodway,high,https://www.concretewaco.com/woodway-tx-concrete-contractor,Same intent without punctuation
concrete contractor temple tx,temple,high,https://www.concretewaco.com/temple-tx-concrete-contractor,GSC location opportunity
concrete contractor killeen tx,killeen,high,https://www.concretewaco.com/killeen-tx-concrete-contractor,GSC location opportunity
concrete foundation contractor waco tx,foundations,high,https://www.concretewaco.com/concrete-foundations-waco-tx,GSC foundation opportunity
concrete foundation contractors waco tx,foundations,high,https://www.concretewaco.com/concrete-foundations-waco-tx,GSC foundation opportunity
